ID;Label
0;Malcolm X
1;National Lampoon's Animal House
2;Starman
3;House on Haunted Hill
4;Go
5;Basic
6;Chicago
7;Equilibrium
8;Rent
9;Salvador
10;Cloak & Dagger
11;Nashville
12;Manhattan
13;The War of the Worlds
14;Mortal Kombat
15;Nixon
16;Exiled: A Law & Order Movie
17;Blue Streak
18;The Big Chill
19;Air Force One
20;Hamlet
21;The Stepford Wives
22;The House of the Spirits
23;Jagged Edge
24;Mickey's Christmas Carol
25;Der Fuehrer's Face
26;Donald's Cousin Gus
27;Revenge of the Nerds IV: Nerds in Love
28;Revenge of the Nerds III: The Next Generation
29;Booty Call
30;A Kid in King Arthur's Court
31;Bonjour tristesse
32;Everyman's Feast
33;JFK
34;Identity
35;Heavy
36;Nobody's Fool
37;Constantine
38;She's Having a Baby
39;Who's Harry Crumb?
40;Ben-Hur
41;The Jazz Singer
42;Destination Moon
43;Double Indemnity
44;Harry Potter and the Order of the Phoenix
45;Harry Potter and the Half-Blood Prince
46;Harry Potter and the Philosopher's Stone
47;Harry Potter and the Chamber of Secrets
48;Harry Potter and the Goblet of Fire
49;Harry Potter and the Prisoner of Azkaban
50;Lifeforce
51;Othello
52;Faces
53;Someone Like You
54;Swordfish
55;Kate & Leopold
56;X-Men
57;X2
58;Spider-Man
59;Seabiscuit
60;Don's Plum
61;The Wizard
62;Quo Vadis
63;Three Comrades
64;Run
65;Shiva
66;Anjali
67;The Patriot
68;Zenon: Girl of the 21st Century
69;Micki + Maude
70;Arthur
71;10
72;Bedazzled
73;The Professionals
74;Batman
75;Contempt
76;Spider
77;Little Women
78;Stella
79;Topkapi
80;Queen Bee
81;Grand Hotel
82;Dead Men Don't Wear Plaid
83;Possessed
84;Delgo
85;Wing Commander
86;She's All That
87;Scooby-Doo 2: Monsters Unleashed
88;Scooby-Doo
89;There's Something About Mary
90;Medusa: Dare to Be Truthful
91;Cabin Boy
92;Groundhog Day
93;Room Service
94;A Night at the Opera
95;Saps at Sea
96;A Day at the Races
97;Animal Crackers
98;Monkey Business
99;Alice in Wonderland
100;Mr. Nanny
101;Mr. & Mrs. Smith
102;The Big House
103;Max
104;Uprising
105;Deep Impact
106;Spanish Fly
107;Birth
108;Silver City
109;Around the World in 80 Days
110;L'Auberge espagnole
111;You've Got Mail
112;Midway
113;Domino
114;The Cotton Club
115;Continental Divide
116;Jetsons: The Movie
117;Kronos
118;Thunderbirds
119;Underworld
120;25th Hour
121;Fat Albert
122;The Little Mermaid
123;Lady and the Tramp II: Scamp's Adventure
124;The Little Mermaid II: Return to the Sea
125;Witness
126;North
127;Jack
128;Ragtime
129;Santa's Slay
130;UHF
131;The Great Waltz
132;The Good Earth
133;Anaconda
134;XXX
135;Anchorman: The Legend of Ron Burgundy
136;Desperado
137;Heat
138;Ewoks: The Battle for Endor
139;Men in Black
140;How to Kill Your Neighbor's Dog
141;The Mask
142;Mystic River
143;Criminal Law
144;Apollo 13
145;Friday the 13th
146;Sleepers
147;Starting Over
148;Diner
149;Tremors
150;My Dog Skip
151;Balto
152;Chinatown
153;Paper Moon
154;Dodge City
155;Edge of Darkness
156;Happy Together
157;Hero
158;Cyclo
159;2046
160;Exodus
161;Greystoke - The Legend of Tarzan, Lord of the Apes
162;O Lucky Man!
163;Richard III
164;Battle of Britain
165;Rad
166;Popeye
167;Dreamscape
168;Forever Young
169;Mr. Nice Guy
170;Mighty Morphin' Power Rangers: The Movie
171;Little Nicky
172;Predator
173;The Birds
174;Marnie
175;Daylight
176;Brainstorm
177;Exorcist II: The Heretic
178;Audition
179;Brother
180;That Darn Cat!
181;Wolf
182;Madagascar
183;Apt Pupil
184;Rapunzel
185;Event Horizon
186;The Doors
187;Twilight Zone: The Movie
188;Airport '77
189;The Hitchhiker's Guide to the Galaxy
190;Monster's Ball
191;Carmen: A Hip Hopera
192;Rat Race
193;Sister Act 2: Back in the Habit
194;8mm
195;Red Dragon
196;Friday
197;Elf
198;Made
199;Posse
200;Iris
201;Notting Hill
202;Splash
203;Gettysburg
204;The Star
205;1900
206;Suddenly
207;Dr. Strangelove or: How I Learned to Stop Worrying and Love the Bomb
208;Chaplin
209;The Lion King II: Simba's Pride
210;Twin Peaks: Fire Walk With Me
211;Hulk
212;The Talented Mr. Ripley
213;The Village
214;Bring It On
215;Miracle
216;Lean on Me
217;Jerky Boys: The Movie
218;Bram Stoker's Dracula
219;Cuckoo
220;Earthquake
221;Strategic Air Command
222;Gremlins 2: The New Batch
223;Magnolia
224;Tom and Jerry: The Movie
225;The 'Burbs
226;Ned Kelly
227;Mulholland Drive
228;Flirting
229;King Kong
230;Rabbits
231;Cheech & Chong's Up in Smoke
232;After Hours
233;Oliver & Company
234;Cheech & Chong's Next Movie
235;Cars
236;Born in East L.A.
237;Father of the Bride
238;Home Alone 2: Lost in New York
239;Willow
240;Scandal
241;Young Dr. Kildare
242;State Fair
243;John Carpenter's The Fog
244;Assault on Precinct 13
245;Halloween III: Season of the Witch
246;Halloween
247;Bound
248;Guinevere
249;Face/Off
250;The Insider
251;Prey for Rock & Roll
252;Cocktail
253;Titanic
254;The Lord of the Rings: The Return of the King
255;The Lord of the Rings: The Two Towers
256;But I'm a Cheerleader
257;Cecil B. Demented
258;Polyester
259;Cat's Eye
260;Casino
261;The Broken Hearts Club: A Romantic Comedy
262;Legally Blonde 2: Red, White & Blonde
263;Lemony Snicket's A Series of Unfortunate Events
264;Down to Earth
265;Robots
266;Out Cold
267;To Wong Foo, Thanks for Everything! Julie Newmar
268;Greed
269;Dazed and Confused
270;Soul Food
271;The Jacksons: An American Dream
272;Eraser
273;Shaft
274;Tales from the Crypt
275;Island in the Sun
276;An Alan Smithee Film: Burn Hollywood Burn
277;The Rutles
278;South Park: Bigger, Longer & Uncut
279;Casper
280;King of the Hill
281;Dirty Work
282;Kelly's Heroes
283;X
284;Of Mice and Men
285;Picnic
286;Bus Stop
287;The Night of the Hunter
288;Mission: Impossible
289;Airplane!
290;The Lord of the Rings
291;Watership Down
292;Ferris Bueller's Day Off
293;Ballistic: Ecks vs. Sever
294;Star Wars Episode I: The Phantom Menace
295;Mortal Kombat: Annihilation
296;
297;Mimic
298;Aftershock: Earthquake in New York
299;Rudy
300;Mary Poppins
301;Chairman of the Board
302;Max Keeble's Big Move
303;The Princess Diaries
304;Soldier
305;Wes Craven's New Nightmare
306;Spawn
307;Friendly Persuasion
308;Sirens
309;Cursed
310;Adaptation
311;Three Kings
312;Cobb
313;The Final Cut
314;Barcelona
315;Romy and Michele's High School Reunion
316;The Bishop's Wife
317;Arsenic and Old Lace
318;Barbershop 2: Back in Business
319;Barbershop
320;Abe Lincoln in Illinois
321;M
322;Willy Wonka & the Chocolate Factory
323;The Fox and the Hound
324;The Poseidon Adventure
325;Fantastic Four
326;Sin City
327;Honey
328;Traffic
329;Volcano
330;Ocean's Twelve
331;The Misfits
332;Dogma
333;MASH
334;Pollock
335;Spanglish
336;Anger Management
337;Bulletproof
338;Big Daddy
339;The Princess Diaries 2: Royal Engagement
340;Signs
341;Speak
342;Dead End
343;Rouge
344;He's a Woman, She's a Man
345;Double Tap
346;The Kid
347;All's Well, Ends Well Too
348;Once a Thief
349;All's Well, Ends Well
350;Salome
351;Master and Commander: The Far Side of the World
352;Alexander
353;The Crow
354;Hard Eight
355;Austin Powers: Goldmember
356;Sylvia
357;Mrs. Parker and the Vicious Circle
358;Possession
359;Hook
360;Whiteout
361;Ring
362;Laputa: Castle in the Sky
363;Kiki's Delivery Service
364;Final Fantasy: The Spirits Within
365;The Rainmaker
366;Dune
367;Tucker: The Man and His Dream
368;Batman Beyond: Return of the Joker
369;Anchors Aweigh
370;Show Boat
371;Roxanne
372;The Shining
373;Home Fries
374;Fathers' Day
375;Paris, Texas
376;Savior
377;Cat People
378;High Voltage
379;Dragon: The Bruce Lee Story
380;Whatever Happened to Harold Smith?
381;Cold Mountain
382;Robin Hood
383;Hercules
384;The Avengers
385;The Battle of the River Plate
386;Scrooge
387;Resident Evil: Apocalypse
388;Eragon
389;Mujhse Dosti Karoge!
390;Topper
391;Swing Out, Sister
392;The Wizard of Oz
393;Lifeboat
394;Wake Island
395;Beauty and the Beast: The Enchanted Christmas
396;Beauty and the Beast
397;Man of the House
398;Heaven & Earth
399;Double Jeopardy
400;The Hunted
401;Coal Miner's Daughter
402;Rules of Engagement
403;Jude
404;The Mission
405;Michael Collins
406;Avalon
407;Benny & Joon
408;Blink
409;Clash!! 10,000,000,000 Powerful Warriors
410;A Lonesome, Final Battle: The Father of Z-Warrior Son Goku, who Challenged Freeza
411;Dead Zone
412;Rebirth of Fusion!! Goku and Vegeta!!
413;Burn Up!! A Close, Intense, Super-Fierce Battle
414;Jesus of Nazareth
415;Day for Night
416;Zulu
417;Tobruk
418;How the West Was Won
419;Rio Bravo
420;Red River
421;Come and Get It
422;Kentucky
423;Fury
424;Ronin
425;The Lord of the Rings: The Fellowship of the Ring
426;The Island
427;National Treasure
428;Troy
429;Caravaggio
430;Don't Say a Word
431;Beyond the Sea
432;Win a Date with Tad Hamilton!
433;The Rules of Attraction
434;Starsky & Hutch
435;The Wash
436;Baby Boy
437;Brigham Young
438;Twelve O'Clock High
439;Vanishing Point
440;Guess Who's Coming to Dinner
441;The Beast from 20,000 Fathoms
442;Love Letters
443;Gone to Earth
444;Beat the Devil
445;Love Is a Many-Splendored Thing
446;The Song of Bernadette
447;Scarface
448;Juarez
449;Macbeth
450;Aliens
451;Caravan of Courage: An Ewok Adventure
452;The American President
453;The Emperor's New Groove
454;State of Grace
455;Fearless
456;O Brother, Where Art Thou?
457;Miller's Crossing
458;Collateral Damage
459;Rounders
460;The Elephant Man
461;I Know Where I'm Going!
462;Weird Science
463;Commando
464;Mad Max 2: The Road Warrior
465;Sinkin' in the Bathtub
466;Les Miserables
467;That's Entertainment III
468;Love's Labour's Lost
469;Batman & Robin
470;Reign of Fire
471;Exorcist: The Beginning
472;Pokamon: Legend Comes to Life
473;Escaflowne
474;Intimacy
475;Small Faces
476;Scream
477;The Chronicles of Riddick: Dark Fury
478;Robin Hood: Prince of Thieves
479;Vampire Hunter D: Bloodlust
480;A Bug's Life
481;SLC Punk!
482;Are We There Yet
483;Star Trek III: The Search for Spock
484;Star Trek: The Motion Picture
485;Star Trek IV: The Voyage Home
486;Star Trek VI: The Undiscovered Country
487;Star Trek II: The Wrath of Khan
488;Star Trek V: The Final Frontier
489;Swept Away
490;Chopper
491;Morgan Stewart's Coming Home
492;CKY
493;Jackass: The Movie
494;Mickey's Twice Upon a Christmas
495;Aladdin
496;Babe
497;DuckTales the Movie: Treasure of the Lost Lamp
498;The Lawnmower Man
499;61*
500;3: The Dale Earnhardt Story
501;The Green Mile
502;Enemy of the State
503;Hans Christian Andersen
504;Strangers on a Train
505;Rope
506;Manhunter
507;Laura
508;Heaven Can Wait
509;Star Trek: Insurrection
510;Star Trek: First Contact
511;Star Trek Nemesis
512;Star Trek: Generations
513;Tales from the Crypt presents: Demon Knight
514;Prizzi's Honor
515;The Saint
516;AVP: Alien vs. Predator
517;Charlie's Angels: Full Throttle
518;Chicken Little
519;The Princess Bride
520;Diamonds
521;Pete's Dragon
522;Winchester '73
523;Lolita
524;The Diary of Anne Frank
525;S.O.B.
526;Captain Newman, M.D.
527;The Last Tycoon
528;Spartacus
529;Dawn of the Dead
530;O
531;Peeping Tom
532;Impromptu
533;Silver Streak
534;Superman
535;Superman IV: The Quest For Peace
536;Skippy
537;I heart Huckabees
538;Alfie
539;A.I.
540;Bent
541;Closer
542;All the King's Men
543;Wilde
544;Evolution
545;Harold & Kumar Go to White Castle
546;Mackenna's Gold
547;Akira
548;The Last Unicorn
549;Point Blank
550;Dracula
551;Glen or Glenda?
552;The Lost World: Jurassic Park
553;Once Upon a Crime...
554;Casino Royale
555;Man on Fire
556;Darkness
557;Hannibal
558;Fever Pitch
559;Sleepover
560;Nowhere
561;Asoka
562;Khabi Khushi Kabhi Gham
563;Chameli
564;What About Bob?
565;Free Willy 2: The Adventure Home
566;Conspiracy Theory
567;The Portrait of a Lady
568;Saved!
569;Mandingo
570;Dirty Mary, Crazy Larry
571;Jimmy Neutron: Boy Genius
572;Boris and Natasha
573;Blade: Trinity
574;Flower & Garnet
575;Lilo & Stitch
576;The Jungle Book
577;Kinsey
578;French Kiss
579;Deterrence
580;Boys Don't Cry
581;The Gift
582;Spy Kids 2: Island Of Lost Dreams
583;John Carter of Mars
584;The Dukes of Hazzard
585;Garden State
586;Hearts of Darkness: A Filmmakers's Apocalypse
587;Swiss Family Robinson
588;The Pure Hell of St Trinian's
589;Excalibur
590;Edward II
591;Alice Doesn't Live Here Anymore
592;Wild at Heart
593;National Lampoon's Christmas Vacation
594;Monument Ave.
595;Gunfight at the O.K. Corral
596;The Devil's Disciple
597;Atlantic City
598;Sorry, Wrong Number
599;Vera Cruz
600;The Osterman Weekend
601;His Majesty O'Keefe
602;Ulzana's Raid
603;Come Back, Little Sheba
604;Airport
605;The Skulls
606;Timeline
607;The Fast and the Furious
608;Cats & Dogs
609;Â¡Three Amigos!
610;An American Tail: Fievel Goes West
611;The Brave Little Toaster
612;Matilda
613;Happiness
614;Mr. Destiny
615;Enigma
616;Quintet
617;Lenny
618;Armed and Dangerous
619;Heavy Metal
620;Stripes
621;1941
622;Bulldog Drummond's Secret Police
623;Suspicion
624;Spellbound
625;K-19: The Widowmaker
626;That Was Then... This Is Now
627;Revenge of the Nerds II: Nerds in Paradise
628;Orange County
629;Detroit Rock City
630;Cabin Fever
631;Peter Pan
632;The 5,000 Fingers of Dr. T
633;Porky's
634;Only When I Laugh
635;Witchfinder General
636;Pulp Fiction
637;Swing Kids
638;Key Largo
639;The Ten Commandments
640;Viva Villa!
641;Phantom of the Opera
642;Cobra
643;Alien Nation
644;The Order
645;Affliction
646;Maverick
647;Candy
648;Face to Face
649;Wild Strawberries
650;Twister
651;Endless Love
652;Crossroads
653;The Man Who Wasn't There
654;That's Dancing!
655;New York, New York
656;Cabaret
657;Cul-de-Sac
658;Vacation
659;Nothing Lasts Forever
660;Riding the Bullet
661;The Serpent's Egg
662;Downfall
663;The Real McCoy
664;Spartan
665;Top Gun
666;Top Secret!
667;Tombstone
668;Red Planet
669;East is East
670;Mangal Pandey: The Rising
671;The Temptations
672;The Preacher's Wife
673;The Brothers
674;My Boyfriend's Back
675;The Emperor's Club
676;Longshot
677;The Rock
678;Frequency
679;The Thin Red Line
680;The Count of Monte Cristo
681;Pay It Forward
682;Collateral
683;Live from Baghdad
684;King Arthur
685;Lara Croft Tomb Raider: The Cradle of Life
686;History Is Made at Night
687;Three Colors: Red
688;Anastasia
689;Dr. Dolittle 2
690;What's Eating Gilbert Grape
691;Jabberwocky
692;Morgan: A Suitable Case for Treatment
693;Doctor Dolittle
694;Oliver Twist
695;Where the Heart Is
696;Mermaids
697;Mask
698;Come Back to the Five and Dime, Jimmy Dean, Jimmy Dean
699;El Norte
700;By Dawn's Early Light
701;St. Elmo's Fire
702;Bad News Bears
703;Mo' Better Blues
704;Alive
705;Crimson Tide
706;Pii±ero
707;Catwoman
708;Demolition Man
709;Robin Hood: Men in Tights
710;Cocoon
711;Cocoon: The Return
712;Vampires
713;Rugrats Go Wild!
714;The Flintstones
715;Stagecoach
716;The Hurricane
717;Wilson
718;Stigmata
719;Pirates of the Caribbean: The Curse of the Black Pearl
720;Pirates of the Caribbean: Dead Man's Chest
721;Barbarians at the Gate
722;What a Girl Wants
723;Brazil
724;About Last Night
725;Ghost
726;Striptease
727;The Hunchback of Notre Dame
728;BAADASSSSS!
729;Ali
730;Rappin'
731;Somewhere in Time
732;My Best Friend's Wedding
733;The Librarian
734;Private's Progress
735;Victim
736;I'm All Right Jack
737;Oh... Rosalinda!!
738;Madame X
739;Peyton Place
740;Ice Age
741;Romeo + Juliet
742;Moulin Rouge!
743;Revenge
744;Carlito's Way
745;Super Mario Bros.
746;Short Circuit
747;The Rose
748;Music Box
749;Car Wash
750;Bill & Ted's Bogus Journey
751;Bill & Ted's Excellent Adventure
752;Jersey Girl
753;A Christmas Carol
754;Goodbye, Mr. Chips
755;The Killing Fields
756;The Messenger: The Story of Joan of Arc
757;Making Mr. Right
758;Caligula
759;What's New Pussycat?
760;Ratatouille
761;Lawrence of Arabia
762;Murphy's War
763;Human Nature
764;The Replacements
765;Vanity Fair
766;Elizabeth: The Golden Age
767;Austin Powers:The Spy Who Shagged Me
768;Les Diaboliques
769;Ship of Fools
770;Sniper
771;Caveman
772;The Alamo
773;F/X
774;Something's Gotta Give
775;Sleeper
776;Marvin's Room
777;The Godfather Part III
778;Xanadu
779;That's Entertainment!
780;China O'Brien
781;Sneakers
782;Garfield
783;Thief
784;K-9
785;Porky's Duck Hunt
786;Pigs Is Pigs
787;I Haven't Got a Hat
788;It's a Mad, Mad, Mad, Mad World
789;Elizabeth
790;Intermission
791;Trainspotting
792;P.S.
793;Gothic
794;Into the West
795;Ghost Ship
796;The Keep
797;Point of No Return
798;Dungeons & Dragons
799;Sense and Sensibility
800;The Phantom of the Opera
801;Dante's Peak
802;The Longest Day
803;Ocean's Eleven
804;Ginger Snaps 2: Unleashed
805;National Lampoon's Last Resort
806;Heaven's Gate
807;Strange Days
808;Armageddon
809;What's the Worst That Could Happen?
810;Contact
811;Pearl Harbor
812;The Producers
813;What's Up, Doc?
814;Fargo
815;Major League
816;Heist
817;Fail-Safe
818;Willard
819;Charlie's Angels
820;Vision Quest
821;Gross Anatomy
822;Star Wars Episode IV: A New Hope
823;Star Wars Episode VI: Return of the Jedi
824;Star Wars Episode V: The Empire Strikes Back
825;Robotech: The Shadow Chronicles
826;Batman: Mask of the Phantasm
827;Piccadilly
828;The Thief of Bagdad
829;Shanghai Express
830;Dick Tracy
831;The X Files
832;Dirty Rotten Scoundrels
833;Mr. Holland's Opus
834;Eulogy
835;Heaven Knows, Mr. Allison
836;Edward, My Son
837;Hitch
838;Kiss of Death
839;Now, Voyager
840;House Party
841;Book of Shadows: Blair Witch 2
842;Boys Town
843;My Family
844;E.T. the Extra-Terrestrial
845;[[Voodoo Academy]]
846;The Manchurian Candidate
847;Darling
848;Night Watch
849;Celine et Julie vont En Bateau
850;Grease
851;The People vs. Larry Flynt
852;Pokamon: Lucario and the Mystery of Mew
853;Pokamon: Jirachi Wishmaker
854;Pokamon: Destiny Deoxys
855;Henry V
856;Mona Lisa
857;The Green Berets
858;The Searchers
859;Rio Grande
860;In Harm's Way
861;McLintock!
862;Donovan's Reef
863;El Dorado
864;Waterloo
865;The Cruel Sea
866;Cats Don't Dance
867;Wall Street
868;The Firm
869;Julia
870;Tales from the Darkside: The Movie
871;Crush
872;Peter's Friends
873;Under the Tuscan Sun
874;Unfaithful
875;Ladies and Gentlemen, The Fabulous Stains
876;Terminator 2: Judgment Day
877;Bottle Rocket
878;In the Time of the Butterflies
879;Police Academy
880;Police Academy 2: Their First Assignment
881;Dodgeball: A True Underdog Story
882;The Craft
883;Party Girl
884;The Contender
885;Minority Report
886;Independence Day
887;Jurassic Park
888;The Fly
889;Planet of the Apes
890;Daredevil
891;Antitrust
892;Doctor Who
893;Lady Caroline Lamb
894;Kingdom of Heaven
895;Atlantis: Milo's Return
896;Sink the Bismarck!
897;The Farmer's Daughter
898;Pinky
899;Blackadder: Back & Forth
900;Lost Horizon
901;Project X
902;Top Hat
903;Dirty Pretty Things
904;Mr. Saturday Night
905;Jacob's Ladder
906;Romeo and Juliet
907;Final Fantasy VII: Advent Children
908;Addicted to Love
909;Bad Boys
910;Aces High
911;Rugrats in Paris: The Movie
912;In & Out
913;Buffy the Vampire Slayer
914;Don't Look Now
915;Fallen
916;Outbreak
917;Backdraft
918;Panic
919;Six Degrees of Separation
920;Cross Creek
921;Percy
922;The Boys from Brazil
923;King Rat
924;Gone in Sixty Seconds
925;Rock Star
926;The Big One
927;Roger & Me
928;Fahrenheit 9/11
929;Fahrenheit 9/11Â½
930;Bad Girls
931;Point Break
932;Singles
933;Under Siege 2: Dark Territory
934;Ararat
935;Problem Child
936;King David
937;Tadpole
938;The Dreamer of Oz: The L. Frank Baum Story
939;It
940;King of Kings
941;The Singing Detective
942;Rush Hour
943;Taxi
944;Sphere
945;The Muppets' Wizard of Oz
946;Knife in the Water
947;Philadelphia
948;That Thing You Do!
949;Radio Flyer
950;Full Frontal
951;Hot Shots! Part Deux
952;Blank Check
953;Dumb & Dumber
954;Sabrina
955;The Fiendish Plot of Dr. Fu Manchu
956;Nirvana
957;Boiler Room
958;Heaven
959;Lost in Translation
960;House of Wax
961;Jaws
962;1984
963;Pillow Talk
964;Perfect Strangers
965;Cape Fear
966;Uranus
967;Delicatessen
968;Beethoven's 2nd
969;The Funeral
970;Wizards
971;Flesh & Blood
972;My Blue Heaven
973;Die Hard: With a Vengeance
974;Clue
975;What's Love Got to Do with It
976;Heavy Weights
977;Amy Stiller's Breast
978;Fame
979;Labyrinth
980;Lost in Space
981;Gandhi
982;All the Queen's Men
983;Quadrophenia
984;Homeward Bound: The Incredible Journey
985;Atlantis: The Lost Empire
986;Bongwater
987;Black and White
988;What the #$*! Do We Know!?
989;"From Time to Time"/"De Temps en Temps"
990;Topaz
991;Divine Intervention
992;The Philadelphia Experiment
993;Genevieve
994;Walker
995;Sweet Dreams
996;Agent Cody Banks 2: Destination London
997;Snake Eyes
998;The League of Gentlemen
999;For Love of the Game
1000;The Bourne Supremacy
1001;Rushmore
1002;Rob Roy
1003;The Bourne Identity
1004;The Secret Garden
1005;Oh! What a Lovely War
1006;Stage Fright
1007;The Dam Busters
1008;Fanboys
1009;Cliffhanger
1010;Manhattan Project
1011;Obsession
1012;2010: The Year We Make Contact
1013;Howards End
1014;Imagining Argentina
1015;Junior
1016;Sahara
1017;Cellular
1018;Sabretooth
1019;Behind Enemy Lines
1020;Love and Kisses
1021;Mission: Impossible II
1022;Lake Placid
1023;Schindler's List
1024;The Hole
1025;Stand by Me
1026;Joan of Arc
1027;Lagaan: Once Upon a Time in India
1028;Munna Bhai M.B.B.S.
1029;Casablanca
1030;Contraband
1031;Hackers
1032;Presumed Innocent
1033;Speed
1034;The Taking of Pelham One Two Three
1035;The Lion King 1Â½
1036;Weekend at Bernie's
1037;Weekend at Bernie's II
1038;Child's Play 2
1039;Pretty Baby
1040;Dilwale Dulhaniy Le Jayenge
1041;Anna
1042;Thursday
1043;Persona
1044;Scenes from a Marriage
1045;When a Man Loves a Woman
1046;10.5
1047;Limelight
1048;The Haunting
1049;Cheaper by the Dozen
1050;Me, Myself & Irene
1051;Shall We Dance?
1052;Don't Tell Mom the Babysitter's Dead
1053;The Trip
1054;Easy Rider
1055;Ticker
1056;Out of the Blue
1057;Dinosaur
1058;Ray
1059;Breakfast at Tiffany's
1060;Zhou Yu's Train
1061;America's Sweethearts
1062;Can't Hardly Wait
1063;Python
1064;Panic Room
1065;The French Connection
1066;F.I.S.T
1067;Runaway Train
1068;The Crow: Salvation
1069;Hustle
1070;Paparazzi
1071;First Daughter
1072;Amerika
1073;Madhouse
1074;Starship Troopers
1075;One, Two, Three
1076;Bob & Carol & Ted & Alice
1077;Shogun
1078;Naked Lunch
1079;Arachnophobia
1080;Reign: The Conqueror
1081;The Adventures of Priscilla, Queen of the Desert
1082;Muriel's Wedding
1083;Gallipoli
1084;The Hand That Rocks the Cradle
1085;Holy Smoke!
1086;Batman: Mystery of the Batwoman
1087;Conspiracy
1088;Doom
1089;Levity
1090;Titus
1091;Country
1092;Normal
1093;Seventh Heaven
1094;Sunrise
1095;Modern Times
1096;The Circus
1097;Tillie's Punctured Romance
1098;Women in Love
1099;Wimbledon
1100;Committed
1101;Elektra
1102;Boys' Night Out
1103;Twilight
1104;Grand Prix
1105;Murphy's Romance
1106;Blue Desert
1107;Rollerball
1108;Monsignor
1109;Dead Ringers
1110;The Adventures of Pinocchio
1111;Ace Ventura: When Nature Calls
1112;Tape
1113;Kill Bill
1114;The Truth About Cats & Dogs
1115;S.W.A.T.
1116;Taking Lives
1117;Pinocchio
1118;Amistad
1119;Serenity
1120;The Others
1121;True Stories
1122;Oliver's Story
1123;Slap Shot
1124;Henry: Portrait Of A Serial Killer
1125;54
1126;The Gambler
1127;Layer Cake
1128;Babes in Toyland
1129;The Incredible Mr. Limpet
1130;Beethoven
1131;2001: A Space Odyssey
1132;P.S. Your Cat Is Dead
1133;The Caine Mutiny
1134;Shaft's Big Score
1135;Superfly
1136;Snatch
1137;The Good Son
1138;Diva
1139;Alien: Resurrection
1140;The Devils
1141;Madigan's Millions
1142;The Devil's Advocate
1143;...And Justice for All
1144;Exotica
1145;Godzilla
1146;Erin Brockovich
1147;Species
1148;Always
1149;Rapid Fire
1150;Samson and Delilah
1151;The Club
1152;Original Sin
1153;Breaker Morant
1154;The Draughtsman's Contract
1155;Somersault
1156;L'Appartement
1157;Irreversible
1158;Lancelot du Lac
1159;Psycho
1160;Shadows
1161;The Informer
1162;The Set-Up
1163;Visitors
1164;Above the Law
1165;Star Wars Episode III: Revenge of the Sith
1166;Sleepy Hollow
1167;Star Wars Episode II: Attack of the Clones
1168;Meatballs
1169;The Hindenburg
1170;American Beauty
1171;Sugar & Spice
1172;Anne of Green Gables
1173;City Hall
1174;The Protector
1175;Leon
1176;The Crow: City of Angels
1177;Get Over It
1178;Patton
1179;I Confess
1180;Meteor
1181;And God Created Woman
1182;Ed Wood
1183;Three Coins in the Fountain
1184;The Swan
1185;My Best Friend's Birthday
1186;Primal Fear
1187;The Stepfather
1188;Around the World in Eighty Days
1189;Dr. Jekyll and Mr. Hyde
1190;Smilin' Through
1191;...tick...tick...tick...
1192;Mary of Scotland
1193;Mary, Queen of Scots
1194;Metropolis
1195;The Return of the King
1196;Body and Soul
1197;Deathtrap
1198;Sleuth
1199;Summertime
1200;Mr. Baseball
1201;The Last of the Mohicans
1202;Wicker Park
1203;Dragonfly
1204;Hakuchi
1205;Stray Dog
1206;Rashomon
1207;Congo
1208;Robotix
1209;Big Momma's House
1210;The Adventures of Robin Hood
1211;The Sea Hawk
1212;To Be or Not to Be
1213;The Transformers: The Movie
1214;Groove
1215;I'll Never Forget What's 'Isname
1216;I, Robot
1217;The Score
1218;Taegukgi
1219;Anarchists
1220;Dave
1221;A Sound of Thunder
1222;Running on Empty
1223;Sinbad: Legend of the Seven Seas
1224;Tequila Sunrise
1225;Love Field
1226;Hart's War
1227;Speakeasy
1228;Beethoven's 4th
1229;Beethoven's 3rd
1230;Bully
1231;Kids
1232;Election
1233;Glory
1234;Good Boy!
1235;John Carpenter's The Thing
1236;My Girl
1237;The Letter
1238;Alexander's Ragtime Band
1239;Intolerance
1240;It's a Gift
1241;Young Mr. Lincoln
1242;Stitch! The Movie
1243;Alphaville
1244;The Stranger
1245;Look at Me
1246;Magic
1247;Pocahontas
1248;The Net
1249;Hey Arnold!: The Movie
1250;The Black Cauldron
1251;Firefox
1252;Phone Booth
1253;Fluke
1254;Summer School
1255;Lucas
1256;The Baby-Sitters Club
1257;Love & Pop
1258;Ring 0: Birthday
1259;Teacher's Pet
1260;Love Me or Leave Me
1261;Calamity Jane
1262;Look Who's Talking Too
1263;The Party
1264;Murder, Inc.
1265;Marie Antoinette
1266;The Luck of the Irish
1267;The Mark of Zorro
1268;Becky Sharp
1269;Ghost Dog: The Way of the Samurai
1270;Babette's Feast
1271;Head of State
1272;Twentieth Century
1273;I'm Gonna Git You Sucka
1274;Foxy Brown
1275;Jubilee
1276;Martha, Meet Frank, Daniel and Laurence
1277;A Knight's Tale
1278;A Cool, Dry Place
1279;Curdled
1280;Entrapment
1281;Outland
1282;Darby O'Gill and the Little People
1283;A Soldier's Story
1284;Inchon
1285;Mannequin
1286;Thunderbolt
1287;Indochine
1288;Teaching Mrs. Tingle
1289;Fear
1290;Blade
1291;I'll Cry Tomorrow
1292;East of Eden
1293;The Devil's Own
1294;Something Wild
1295;Amadeus
1296;Snow White and the Seven Dwarfs
1297;Sweet Home Alabama
1298;Blow
1299;Second Skin
1300;Freeway
1301;Hair
1302;Grand Illusion
1303;Sunset Boulevard
1304;Black Sheep
1305;Yojimbo
1306;Homeboy
1307;New Rose Hotel
1308;The Dead Zone
1309;Wayne's World 2
1310;Hell's Hinges
1311;Ben Hur
1312;Toys
1313;The Pledge
1314;Tora! Tora! Tora!
1315;Network
1316;Road House
1317;Legend
1318;War of the Worlds
1319;This Island Earth
1320;My Foolish Heart
1321;To Catch a Thief
1322;What Dreams May Come
1323;The Exorcist
1324;Hedda
1325;Hopscotch
1326;Homerun
1327;C.H.U.D.
1328;Das Testament des Dr. Mabuse
1329;Speed 2: Cruise Control
1330;Judgment Night
1331;Old School
1332;John Carpenter's Escape from L.A.
1333;Ulee's Gold
1334;Dog Park
1335;Alex & Emma
1336;Street Fighter
1337;The Delinquents
1338;Jezebel
1339;The Nanny
1340;Dangerous
1341;The Thin Man
1342;Personal History, Adventures, Experience, and Observation of David Copperfield the Younger
1343;Veronica Guerin
1344;Wings
1345;Immortal Beloved
1346;Cousins
1347;Merlin
1348;The Grave
1349;The Fall of the Roman Empire
1350;El Cid
1351;Jason and the Argonauts
1352;Looney Tunes: Back in Action
1353;Angus
1354;Hardcore
1355;PT 109
1356;Bright Eyes
1357;Doug's 1st Movie
1358;Performance
1359;Charlie and the Chocolate Factory
1360;Fantasia
1361;Boogeyman
1362;Batman & Mr. Freeze: SubZero
1363;Glitter
1364;Hostage
1365;Hooper
1366;The Russians Are Coming, the Russians Are Coming
1367;I, the Jury
1368;The Thing
1369;Invasion U.S.A.
1370;Fight Club
1371;Dreams
1372;Round Midnight
1373;Sullivan's Travels
1374;So Proudly We Hail!
1375;1969
1376;Promised Land
1377;The Vanishing
1378;sex, lies and videotape
1379;Secretary
1380;True Colors
1381;Stargate
1382;Little Dorrit
1383;Underworld: Evolution
1384;The Last Command
1385;The Way of All Flesh
1386;Faust
1387;Dr. Phibes Rises Again
1388;PCU
1389;The Guru
1390;Don't Move
1391;Mostly Martha
1392;Saw
1393;Phenomenon
1394;Platoon
1395;Bloodsport
1396;Alone in the Dark
1397;Churchill: The Hollywood Years
1398;Austin Powers: International Man of Mystery
1399;Broken Arrow
1400;Pump Up the Volume
1401;The War of the Roses
1402;Sybil
1403;Dude, Where's My Car?
1404;Double Vision
1405;Head
1406;Ghost World
1407;The Black Stallion
1408;Roustabout
1409;Dick
1410;Dance with a Stranger
1411;The Haunted Mansion
1412;Will Success Spoil Rock Hunter?
1413;Testament
1414;Josie and the Pussycats
1415;Hitler, Beast of Berlin
1416;The Gospel of John
1417;Restoration
1418;Battle Cry
1419;They Shoot Horses, Don't They?
1420;Romero
1421;[[Japanese language
1422;Japanese]]
1423;Category 6: Day of Destruction
1424;Midnight Express
1425;Bananas
1426;Rambo: First Blood Part II
1427;Bocaccio '70
1428;At the End of the Day: The Sue Rodriguez Story
1429;The Big Bounce
1430;Tommy
1431;Castaway
1432;The Beast
1433;No Way Out
1434;Holiday Inn
1435;Ryan's Daughter
1436;Von Ryan's Express
1437;The Edge
1438;Badlands
1439;The War at Home
1440;Them!
1441;White Noise
1442;Children of Dune
1443;Ransom
1444;The One
1445;The Golden Compass
1446;The Mummy
1447;Ryan
1448;Babylon 5: The Gathering
1449;It's a Wonderful Life
1450;Madame Curie
1451;Giant
1452;Mr. & Mrs. Bridge
1453;Summer Wishes, Winter Dreams
1454;Shock
1455;The Raven
1456;Solaris
1457;Andrei Rublev
1458;Stalker
1459;Heroism
1460;Dogfight
1461;Kolberg
1462;Brigham City
1463;Flipper
1464;Battleground
1465;Buffalo '66
1466;Welcome Home, Roxy Carmichael
1467;Cheaters
1468;McCabe & Mrs. Miller
1469;Shampoo
1470;Ishtar
1471;Bonnie and Clyde
1472;Honey, I Blew Up the Kid
1473;Hot Shots!
1474;Everything You Always Wanted to Know About Sex (But Were Afraid to Ask)
1475;Hide and Seek
1476;Monster
1477;The Damned
1478;The Clan of the Cave Bear
1479;Z
1480;The Libertine
1481;Frankenstein
1482;Name of the Rose
1483;Taiyo o Nusunda Otoko
1484;Mishima: A Life in Four Chapters
1485;Devil's Gate
1486;Anthropophagous
1487;Godzilla: Final Wars
1488;Godzilla: Tokyo SOS
1489;L'Homme de Rio
1490;Backlash
1491;Warlock
1492;Les liaisons dangereuses
1493;Hotel Terminus: The Life and Times of Klaus Barbie
1494;Dirty Dancing
1495;Cinderella
1496;SuperBabies: Baby Geniuses 2
1497;Jackie Brown
1498;Shatranj Ke Khiladi
1499;Metroland
1500;Laurel Canyon
1501;Tom Jones
1502;Terminator 3: Rise of the Machines
1503;City of God
1504;Captain Blood
1505;Celebrity
1506;Idiot's Delight
1507;Morning Glory
1508;Morocco
1509;Twins
1510;Leo
1511;Cowboy Bebop: The Movie
1512;Who Is Harry Kellerman and Why Is He Saying Those Terrible Things About Me?
1513;Papillon
1514;The Grifters
1515;The Dead
1516;The Blue Lagoon
1517;Blind Date
1518;The English Patient
1519;The Three Musketeers
1520;Shivers
1521;The Civil War
1522;Kiss the Girls
1523;Chain Reaction
1524;Resident Evil
1525;Road Trip
1526;Mockingbird Don't Sing
1527;Air America
1528;Anacondas: The Hunt for the Blood Orchid
1529;Antwone Fisher
1530;Hidalgo
1531;Yu-Gi-Oh! The Movie: Pyramid of Light
1532;The Hostage
1533;Twisted
1534;Freedomland
1535;L'homme du train
1536;Piglet's Big Movie
1537;Pooh's Heffalump Movie
1538;Young Adam
1539;Circus
1540;Industrial Symphony No. 1
1541;Hud
1542;Mr. Mike's Mondo Video
1543;The Killer
1544;The Land Girls
1545;U-571
1546;Child's Play
1547;Tom & Viv
1548;Holocaust
1549;Look Who's Talking
1550;Wayne's World
1551;Urban Legend
1552;Flash Gordon
1553;Flash Gordon's Trip to Mars
1554;Alice
1555;Battle Royale
1556;Serendipity
1557;Tennessee's Partner
1558;Smoke Signals
1559;Moulin Rouge
1560;The Sand Pebbles
1561;Carnal Knowledge
1562;Viva Zapata!
1563;Lust for Life
1564;James and the Giant Peach
1565;Nobody's Perfect
1566;The Crucible
1567;Ramona
1568;Poor Little Rich Girl
1569;Coquette
1570;Three Colors: Blue
1571;Clockwise
1572;She's Gotta Have It
1573;Trinity
1574;Orlando
1575;Dead Calm
1576;Candyman
1577;Truly, Madly, Deeply
1578;Woodstock
1579;The Magician
1580;Birdy
1581;D.O.A.
1582;Day of the Dead
1583;For Love or Country: The Arturo Sandoval Story
1584;Time After Time
1585;The Pillow Book
1586;The Shaggy Dog
1587;Raw Deal
1588;Mary Shelley's Frankenstein
1589;Miranda
1590;God's Army
1591;Screamers
1592;Ji¶nssonligans sti¶rsta kupp
1593;Beowulf
1594;Zapata: El suei±o de un heroe
1595;Lady Jane
1596;Body Double
1597;Foreign Correspondent
1598;Pitch
1599;The Belles of St Trinian's
1600;Safety Last!
1601;Knock Knock
1602;What's Opera, Doc?
1603;Porky's Hare Hunt
1604;It's a Very Merry Muppet Christmas Movie
1605;Team America: World Police
1606;The Yearling
1607;Journey to the Center of the Earth
1608;The Tell-Tale Heart
1609;Secrets & Lies
1610;Selena
1611;Augustin, King of Kung-Fu
1612;Police Story
1613;Clean
1614;Gidget
1615;The Best Man
1616;Class
1617;Ghost in the Shell 2: Innocence
1618;Child's Play 3
1619;Harvey
1620;Vertigo
1621;Herbie: Fully Loaded
1622;Jailhouse Rock
1623;The Getaway
1624;Mr. Majestyk
1625;Multiplicity
1626;Green Card
1627;Scum
1628;Frantic
1629;My Left Foot
1630;Baby's Day Out
1631;The River
1632;To Each His Own
1633;Remo Williams: The Adventure Begins
1634;Bridget Jones: The Edge of Reason
1635;Resurrection
1636;Our Town
1637;Quatermass and the Pit
1638;Blood from the Mummy's Tomb
1639;Reuben, Reuben
1640;The Hobbit
1641;Total Eclipse
1642;Poison Ivy
1643;The Cheetah Girls
1644;Square Dance
1645;Rebecca
1646;The Rehearsal
1647;To Sir, with Love
1648;Alien3
1649;Swimming Pool
1650;A Hard Day's Night
1651;Bells Are Ringing
1652;Johnny Mnemonic
1653;Georgia
1654;Beloved
1655;Gerry
1656;Spirit: Stallion of the Cimarron
1657;San Francisco
1658;La Bamba
1659;Override
1660;Rabbit Test
1661;The Heartbreak Kid
1662;Hawmps!
1663;Teddy Bear
1664;The Cruise
1665;Buster
1666;Anatomy
1667;Creep
1668;Blueprint
1669;Thirteen Days
1670;Yours, Mine and Ours
1671;Anne of Green Gables: The Continuing Story
1672;Life Is Sweet
1673;Crossfire
1674;Swingers
1675;Sabotage
1676;The Lodger: A Story of the London Fog
1677;Fanny
1678;The Tales of Hoffmann
1679;The Red Shoes
1680;The Gun in Betty Lou's Handbag
1681;Godfather
1682;Rick
1683;I Want to Live!
1684;Bushido Blade
1685;Claudine
1686;Ice Station Zebra
1687;Merlin's Shop of Mystical Wonders
1688;My Cousin Rachel
1689;Gloria
1690;Ginger Snaps
1691;If...
1692;Sisters
1693;Cousin, cousine
1694;Getting Any?
1695;The Fisher King
1696;Kanao
1697;The Morning After
1698;Pandemonium
1699;Bat*21
1700;The Brothers Karamazov
1701;Mambo Italiano
1702;Adam's Rib
1703;The Power and the Glory
1704;Northwest Passage
1705;Test Pilot
1706;Tortilla Flat
1707;In My Father's Den
1708;American Girl
1709;Saboteur
1710;Bed & Board
1711;The Witness
1712;The General
1713;Film
1714;Sherlock, Jr.
1715;Steamboat Bill Jr.
1716;Cops
1717;Lone Star
1718;Shine
1719;Lara Croft: Tomb Raider
1720;Dumb & Dumberer
1721;Wishmaster
1722;Ace Ventura: Pet Detective
1723;Miracle Mile
1724;Liebestraum
1725;Patch Adams
1726;Blue
1727;Concrete
1728;Carrington V.C.
1729;Battle of the Bulge
1730;No Retreat, No Surrender
1731;Snake & Crane Arts of Shaolin
1732;Armour of God II: Operation Condor
1733;Snake in the Eagle's Shadow
1734;Who Am I?
1735;Lovin' Molly
1736;A Tale of Two Cities
1737;Night of the Living Dead
1738;The Hills Have Eyes
1739;Broadcast News
1740;Immortel
1741;Foxfire
1742;White Fang
1743;Colossus: The Forbin Project
1744;Ghidorah, the Three-Headed Monster
1745;Pee-wee's Big Adventure
1746;Blue Murder at St Trinian's
1747;Gentleman's Agreement
1748;Accident
1749;The Devil's Holiday
1750;Patterns
1751;Rangeela
1752;Breakin' All the Rules
1753;42nd Street
1754;Happy Birthday, Wanda June
1755;The Bells of St. Mary's
1756;Vincent
1757;National Lampoon's Van Wilder
1758;Dr. T & the Women
1759;The Naked Gun 2 1/2: The Smell of Fear
1760;Prince of Darkness
1761;Aimee & Jaguar
1762;Incubus
1763;BMX Bandits
1764;The Pied Piper
1765;Over the Edge
1766;Rock 'n' Roll High School
1767;Night Shift
1768;The Little Rascals
1769;The Farmer's Wife
1770;Missing
1771;Tomcats
1772;Good Morning
1773;The Great Escape II: The Untold Story
1774;The Games
1775;From Time to Time
1776;Camille Claudel
1777;The Cheat
1778;The King of Comedy
1779;Hitler: The Last Ten Days
1780;Yu Yu Hakusho: Poltergeist Report
1781;L'avventura
1782;Cannibal! The Musical
1783;8Â½
1784;Nam's Angels
1785;Silsila
1786;Berkeley Square
1787;The Story of G.I. Joe
1788;King of Hearts
1789;Smash-Up, the Story of a Woman
1790;Dunkirk
1791;New York Minute
1792;Under My Skin
1793;Dangerous Curves
1794;The First $20 Million Is Always the Hardest
1795;Lorenzo's Oil
1796;Romance
1797;Condemned
1798;Bulldog Drummond
1799;Arrowsmith
1800;Central do Brasil
1801;Don't Knock the Rock
1802;Dr. Who and the Daleks
1803;Pandaemonium
1804;Batoru rowaiaru II: Chinkonka
1805;Holiday
1806;Somebody Up There Likes Me
1807;Sleeping with the Enemy
1808;Helter Skelter
1809;Que i Isso, Companheiro?
1810;The R.M.
1811;Thirteen
1812;Chance
1813;Anywhere But Here
1814;Puss in Boots
1815;Beaches
1816;Seduction: The Cruel Woman
1817;Millennium
1818;King: a Filmed Record...Montgomery To Memphis
1819;Kama Sutra: A Tale of Love
1820;Distant Voices, Still Lives
1821;The Big Kahuna
1822;Ran
1823;Inferno
1824;Out of Africa
1825;Hips, Hips, Hooray!
1826;Real Life
1827;Trial
1828;The Line, the Cross and the Curve
1829;The Human Condition
1830;Kwaidan
1831;Sorcerer
1832;Scott of the Antarctic
1833;Babe: Pig in the City
1834;Casualties of Love: The Long Island Lolita Story
1835;Abraham Lincoln
1836;Disraeli
1837;Kes
1838;Algiers
1839;Bombay
1840;Jeans
1841;The Miracle of Morgan's Creek
1842;It's All About Love
1843;Ilsa: She-Wolf of the SS
1844;Rigoletto
1845;The Testaments: Of One Fold and One Shepherd
1846;Afterglow
1847;Days of Wine and Roses
1848;Walkabout
1849;High Fidelity
1850;Love Me Tender
1851;Bagdad
1852;Justice
1853;Turkish Delight
1854;Mr. Magoo's Christmas Carol
1855;With a Song in My Heart
1856;Cube
1857;Rabbit-Proof Fence
1858;Tron
1859;Class Action
1860;Pi
1861;The Lady Vanishes
1862;Berserker
1863;The Motorcycle Diaries
1864;Faster, Pussycat! Kill! Kill!
1865;Ulysses
1866;Pandora's Box
1867;L'ige d'Or
1868;Baywatch: Hawaiian Wedding
1869;Diamond Head
1870;Â¡itame!
1871;Ecstasy
1872;Snow White
1873;After Life
1874;Distance
1875;The Gate
1876;M. Butterfly
1877;Knots Landing: Back to the Cul-de-Sac
1878;Dracula: Dead and Loving It
1879;The Face Behind the Mask
1880;The Price of Milk
1881;Stalingrad
1882;Gray's Anatomy
1883;The Adventures of Robinson Crusoe
1884;Who's That Girl?
1885;Puppet Master
1886;London After Midnight
1887;The Enforcer
1888;Godzilla 2000: Millennium
1889;The Mother
1890;Godzilla vs. the Sea Monster
1891;Black Sabbath
1892;Omagh
1893;The Great St Trinian's Train Robbery
1894;Hullabaloo
1895;Wasabi
1896;Hawks
